"","brev_id","length","ka","ks","omega"
"1","../alignments/dep00008.fasta.best.fas","252","0","0",NA
"2","../alignments/dep00016.fasta.best.fas","81","0","0",NA
"3","../alignments/dep00018.fasta.best.fas","513","0","0",NA
"4","../alignments/dep00020.fasta.best.fas","186","0","0",NA
"5","../alignments/dep00035.fasta.best.fas","735","0.00594442527828892","0.00762090703323407","0.780015456475959"
"6","../alignments/dep00041.fasta.best.fas","327","0","0.00916258153396795","0"
"7","../alignments/dep00042.fasta.best.fas","486","0","0.00608277388294753","0"
"8","../alignments/dep00043.fasta.best.fas","369","0","0.00766120085865633","0"
"9","../alignments/dep00053.fasta.best.fas","612","0","0.0342206167610058","0"
"10","../alignments/dep00058.fasta.best.fas","633","0","0.0149692297248133","0"
"11","../alignments/dep00061.fasta.best.fas","132","0","0.0214522656333611","0"
"12","../alignments/dep00070.fasta.best.fas","1182","0","0",NA
"13","../alignments/dep00075.fasta.best.fas","426","0","0.00757633737383221","0"
"14","../alignments/dep00081.fasta.best.fas","270","0.00574718971286761","0","Inf"
"15","../alignments/dep00087.fasta.best.fas","78","0","0",NA
"16","../alignments/dep00111.fasta.best.fas","432","0","0.00665665387262074","0"
"17","../alignments/dep00113.fasta.best.fas","1077","0.00144092318744448","0.00264921917901001","0.543904860292811"
"18","../alignments/dep00117.fasta.best.fas","405","0.00381681242753549","0.0173612299165215","0.219846891371636"
"19","../alignments/dep00118.fasta.best.fas","861","0","0.00350359829218747","0"
"20","../alignments/dep00119.fasta.best.fas","396","0.00294341481925869","0.00756731161668096","0.38896439955907"
"21","../alignments/dep00135.fasta.best.fas","240","0","0",NA
"22","../alignments/dep00139.fasta.best.fas","198","0","0",NA
"23","../alignments/dep00144.fasta.best.fas","738","0.00372539715500745","0.00760335940343032","0.489967257542332"
"24","../alignments/dep00149.fasta.best.fas","609","0","0.00480010240393234","0"
"25","../alignments/dep00156.fasta.best.fas","336","0","0.0090352306355214","0"
"26","../alignments/dep00162.fasta.best.fas","273","0.00912767719084186","-0.000221453806070831","-41.2170707417078"
"27","../alignments/dep00164.fasta.best.fas","270","0.00425960080360601","0.0302161397944167","0.140971045030481"
"28","../alignments/dep00170.fasta.best.fas","663","0","0.0178851621312585","0"
"29","../alignments/dep00178.fasta.best.fas","129","0","0",NA
"30","../alignments/dep00180.fasta.best.fas","222","0","0",NA
"31","../alignments/dep00182.fasta.best.fas","585","0","0",NA
"32","../alignments/dep00188.fasta.best.fas","225","0","0.0796329544454191","0"
"33","../alignments/dep00190.fasta.best.fas","444","0.00350878632932327","0","Inf"
"34","../alignments/dep00219.fasta.best.fas","165","0","0",NA
"35","../alignments/dep00221.fasta.best.fas","795","0.00765941145474591","0.00973564483224529","0.786738997439316"
"36","../alignments/dep00223.fasta.best.fas","177","0","0",NA
"37","../alignments/dep00232.fasta.best.fas","534","0.00298508349325188","0","Inf"
"38","../alignments/dep00240.fasta.best.fas","129","0","0.0241792435252057","0"
"39","../alignments/dep00241.fasta.best.fas","369","0","0.00772239728739847","0"
"40","../alignments/dep00246.fasta.best.fas","345","0","0",NA
"41","../alignments/dep00256.fasta.best.fas","708","0.00214133089600047","0.00979379211374762","0.218641652909364"
"42","../alignments/dep00278.fasta.best.fas","585","0.00204034317923316","0.0163289913925364","0.124952186585495"
"43","../alignments/dep00289.fasta.best.fas","420","0.00383143637278455","0.00652316693729333","0.587358319910533"
"44","../alignments/dep00299.fasta.best.fas","213","0","0",NA
"45","../alignments/dep00305.fasta.best.fas","75","0","0",NA
"46","../alignments/dep00311.fasta.best.fas","459","0","0.00664736307366302","0"
"47","../alignments/dep00313.fasta.best.fas","567","0.00219013515764423","0.024683136494568","0.0887300184936467"
"48","../alignments/dep00321.fasta.best.fas","243","0","0.0108108208497232","0"
"49","../alignments/dep00352.fasta.best.fas","156","0","0.185904793490771","0"
"50","../alignments/dep00364.fasta.best.fas","249","0","0",NA
"51","../alignments/dep00368.fasta.best.fas","312","0","0",NA
"52","../alignments/dep00373.fasta.best.fas","906","0.003020000685653","0.00304409867003643","0.992083704572186"
"53","../alignments/dep00375.fasta.best.fas","162","0","0.0184211766105716","0"
"54","../alignments/dep00383.fasta.best.fas","222","0","0.0453218552391621","0"
"55","../alignments/dep00388.fasta.best.fas","189","0.00638413602655461","0.197419140275385","0.0323379790715794"
"56","../alignments/dep00394.fasta.best.fas","156","0","0.0195262843830995","0"
"57","../alignments/dep00410.fasta.best.fas","252","0","0.0129773876174754","0"
"58","../alignments/dep00418.fasta.best.fas","159","0","0.018296311563537","0"
"59","../alignments/dep00424.fasta.best.fas","813","0.00381681242753549","0.0143718558658725","0.265575473561416"
"60","../alignments/dep00428.fasta.best.fas","168","0","0",NA
"61","../alignments/dep00435.fasta.best.fas","561","0","0.0159773782107325","0"
"62","../alignments/dep00444.fasta.best.fas","993","0.00272246195819963","0.0253831661533388","0.107254624649791"
"63","../alignments/dep00457.fasta.best.fas","423","0.00285017292574184","0.00657158936744938","0.433711354495065"
"64","../alignments/dep00459.fasta.best.fas","372","0","0",NA
"65","../alignments/dep00485.fasta.best.fas","306","0","0.0203140863954535","0"
"66","../alignments/dep00486.fasta.best.fas","426","0","0.0163655726316984","0"
"67","../alignments/dep00497.fasta.best.fas","234","0","0",NA
"68","../alignments/dep00518.fasta.best.fas","594","0.013998510951459","0.0116458586549075","1.20201621591553"
"69","../alignments/dep00527.fasta.best.fas","411","0","0",NA
"70","../alignments/dep00536.fasta.best.fas","132","0","0",NA
"71","../alignments/dep00545.fasta.best.fas","495","0","0",NA
"72","../alignments/dep00555.fasta.best.fas","192","0","0",NA
"73","../alignments/dep00571.fasta.best.fas","414","0","0.00734892442609472","0"
"74","../alignments/dep00580.fasta.best.fas","228","0","0",NA
"75","../alignments/dep00586.fasta.best.fas","162","0.0100003333533347","0.0654323429231052","0.152834713026964"
"76","../alignments/dep00587.fasta.best.fas","222","0","0.0539601286562914","0"
"77","../alignments/dep00588.fasta.best.fas","516","0.00597022018595892","0.00585525690906356","1.01963419858101"
"78","../alignments/dep00595.fasta.best.fas","765","0.00201005295833293","0.0133376955030306","0.150704666925122"
"79","../alignments/dep00600.fasta.best.fas","204","0.00775209326798263","0","Inf"
"80","../alignments/dep00618.fasta.best.fas","408","0","0.0138080235563247","0"
"81","../alignments/dep00620.fasta.best.fas","264","0.00595245128859132","0.0107917223345322","0.551575652529921"
"82","../alignments/dep00642.fasta.best.fas","213","0","0",NA
"83","../alignments/dep00644.fasta.best.fas","141","0","0",NA
"84","../alignments/dep00649.fasta.best.fas","231","0.00523227554190941","0","Inf"
"85","../alignments/dep00658.fasta.best.fas","351","0","0.00831609664396585","0"
"86","../alignments/dep00673.fasta.best.fas","204","0","0.116119096450187","0"
"87","../alignments/dep00676.fasta.best.fas","537","0","0.0169275428155022","0"
"88","../alignments/dep00680.fasta.best.fas","186","0","0.0168804713180547","0"
"89","../alignments/dep00697.fasta.best.fas","216","0","0",NA
"90","../alignments/dep00700.fasta.best.fas","366","0","0.00778240306163061","0"
"91","../alignments/dep00711.fasta.best.fas","126","0","0",NA
"92","../alignments/dep00721.fasta.best.fas","585","0.00204706415162437","0.0102714714666619","0.199296094845662"
"93","../alignments/dep00723.fasta.best.fas","540","0.00754358491007138","0.0390643546979817","0.193106604944408"
"94","../alignments/dep00752.fasta.best.fas","585","0.00467958734406606","0.0112857725900396","0.414644837713289"
"95","../alignments/dep00754.fasta.best.fas","186","0","0.0355814283653583","0"
"96","../alignments/dep00787.fasta.best.fas","1026","0.00406214514541784","0.0145790269885713","0.278629372769679"
"97","../alignments/dep00801.fasta.best.fas","195","0","0.0307809714716787","0"
"98","../alignments/dep00805.fasta.best.fas","303","0","0.0221722924643531","0"
"99","../alignments/dep00812.fasta.best.fas","246","0.0127395426504925","0.0119024461543726","1.07032978643742"
"100","../alignments/dep00813.fasta.best.fas","243","0","0",NA
"101","../alignments/dep00837.fasta.best.fas","396","0","0.020372988146513","0"
"102","../alignments/dep00839.fasta.best.fas","177","0","0.0171930981698668","0"
"103","../alignments/dep00848.fasta.best.fas","231","0.0118313135289784","0.0280847783885412","0.421271386417835"
"104","../alignments/dep00853.fasta.best.fas","933","0","0.0143823537614205","0"
"105","../alignments/dep00854.fasta.best.fas","369","0","0",NA
"106","../alignments/dep00863.fasta.best.fas","240","0","0.0212886450212538","0"
"107","../alignments/dep00865.fasta.best.fas","81","0.0327570735092868","-0.000178439283936313","-183.575459319699"
"108","../alignments/dep00894.fasta.best.fas","132","0","0",NA
"109","../alignments/dep00896.fasta.best.fas","234","0.00504720994749243","0.0269131678926178","0.187536820920916"
"110","../alignments/dep00900.fasta.best.fas","360","0","0.00835538067161146","0"
"111","../alignments/dep00909.fasta.best.fas","396","0.00395258975355662","0","Inf"
"112","../alignments/dep00918.fasta.best.fas","240","0","0.0122294905254195","0"
"113","../alignments/dep00923.fasta.best.fas","381","0.00321400474091395","0.0238897607310542","0.134534823395535"
"114","../alignments/dep00929.fasta.best.fas","483","0.00237500042977938","0.0237444696000802","0.10002330941818"
"115","../alignments/dep00949.fasta.best.fas","306","0.00502516792675075","0.0323225238944718","0.155469540162061"
"116","../alignments/dep00957.fasta.best.fas","174","0","0",NA
"117","../alignments/dep00985.fasta.best.fas","348","0.0106706763903643","0.00792949770305991","1.34569386232959"
"118","../alignments/dep01007.fasta.best.fas","183","0","0",NA
"119","../alignments/dep01010.fasta.best.fas","1305","0.00538638993245134","0.0204061154193574","0.263959593570747"
"120","../alignments/dep01014.fasta.best.fas","603","0.00721518921151101","0.0191120484936972","0.377520453335519"
"121","../alignments/dep01019.fasta.best.fas","231","0.00684942217908096","0","Inf"
"122","../alignments/dep01031.fasta.best.fas","261","0","0.0413376309889682","0"
"123","../alignments/dep01036.fasta.best.fas","486","0","0.0252901657218162","0"
"124","../alignments/dep01067.fasta.best.fas","279","0.0117652487050971","0","Inf"
"125","../alignments/dep01073.fasta.best.fas","204","0","0.0452700495823996","0"
"126","../alignments/dep01075.fasta.best.fas","450","0.00499060615311387","1.22310263388341","0.00408028403738162"
"127","../alignments/dep01085.fasta.best.fas","237","0","0",NA
"128","../alignments/dep01095.fasta.best.fas","732","0.00401914832425143","-1.57843378290389e-06","-2546.288838837"
"129","../alignments/dep01104.fasta.best.fas","225","0","0.0247009713356901","0"
"130","../alignments/dep01111.fasta.best.fas","111","0","0",NA
"131","../alignments/dep01112.fasta.best.fas","354","0","0.00815485153549278","0"
"132","../alignments/dep01118.fasta.best.fas","225","0.00540198983360495","0","Inf"
"133","../alignments/dep01121.fasta.best.fas","345","0","0.0244436478317089","0"
"134","../alignments/dep01129.fasta.best.fas","237","0","0.0124509885587063","0"
"135","../alignments/dep01135.fasta.best.fas","243","0","0.0118573090826668","0"
"136","../alignments/dep01140.fasta.best.fas","201","0.00819690488783818","0","Inf"
"137","../alignments/dep01141.fasta.best.fas","399","0.0545546618399282","0.0852597188305902","0.639864435259604"
"138","../alignments/dep01153.fasta.best.fas","348","0.00349126579404319","0.0365843542715326","0.0954305703506663"
"139","../alignments/dep01164.fasta.best.fas","192","0","0",NA
"140","../alignments/dep01165.fasta.best.fas","624","0.00366848585610867","0.0273038052709521","0.134358043492622"
"141","../alignments/dep01169.fasta.best.fas","123","0.00960639342070324","0","Inf"
"142","../alignments/dep01189.fasta.best.fas","444","0","0",NA
"143","../alignments/dep01203.fasta.best.fas","237","0","0.0385084482463876","0"
"144","../alignments/dep01205.fasta.best.fas","285","0","0",NA
"145","../alignments/dep01215.fasta.best.fas","216","0.00528847990710176","0","Inf"
"146","../alignments/dep01219.fasta.best.fas","429","0.00363637966453994","0.0211908680370026","0.17160126041983"
"147","../alignments/dep01223.fasta.best.fas","207","0.0131691256539599","0.0711462485339961","0.185099368207267"
"148","../alignments/dep01243.fasta.best.fas","222","0","0",NA
"149","../alignments/dep01250.fasta.best.fas","168","0.00917456933409831","0","Inf"
"150","../alignments/dep01253.fasta.best.fas","276","0.00546453526609512","0.0114767499556304","0.476139611581786"
"151","../alignments/dep01255.fasta.best.fas","138","0","0.072125446061563","0"
"152","../alignments/dep01260.fasta.best.fas","222","0","0.0127517004081166","0"
"153","../alignments/dep01269.fasta.best.fas","240","0","0",NA
"154","../alignments/dep01277.fasta.best.fas","141","0","0",NA
"155","../alignments/dep01293.fasta.best.fas","522","0.00222136281865533","0.00542771181536122","0.40926322071274"
"156","../alignments/dep01335.fasta.best.fas","336","0","0.0272142214479603","0"
"157","../alignments/dep01336.fasta.best.fas","252","0","0.0404645748828499","0"
"158","../alignments/dep01340.fasta.best.fas","177","0","0",NA
"159","../alignments/dep01350.fasta.best.fas","348","0","0",NA
"160","../alignments/dep01357.fasta.best.fas","237","0.00675685958336143","0","Inf"
"161","../alignments/dep01358.fasta.best.fas","480","0","0.0126517134173836","0"
"162","../alignments/dep01367.fasta.best.fas","87","0","0",NA
"163","../alignments/dep01382.fasta.best.fas","249","0","0",NA
"164","../alignments/dep01393.fasta.best.fas","207","0","0",NA
"165","../alignments/dep01402.fasta.best.fas","240","0","0.0123179583027612","0"
"166","../alignments/dep01407.fasta.best.fas","177","0","0.0159214318816042","0"
"167","../alignments/dep01409.fasta.best.fas","117","0","0.0256311296304467","0"
"168","../alignments/dep01420.fasta.best.fas","63","0","0",NA
"169","../alignments/dep01424.fasta.best.fas","606","0","0.00491915658040425","0"
"170","../alignments/dep01434.fasta.best.fas","222","0.00524656564800458","0","Inf"
"171","../alignments/dep01437.fasta.best.fas","330","0.00471701611667936","0.030139729873655","0.156504923449977"
"172","../alignments/dep01446.fasta.best.fas","75","0.0206214792670246","0","Inf"
"173","../alignments/dep01455.fasta.best.fas","282","0.00549456078779758","0.0217528442474075","0.252590453243944"
"174","../alignments/dep01461.fasta.best.fas","285","0","0",NA
"175","../alignments/dep01474.fasta.best.fas","720","0","0.00891965356798785","0"
"176","../alignments/dep01479.fasta.best.fas","96","0","0",NA
"177","../alignments/dep01482.fasta.best.fas","336","0","0",NA
"178","../alignments/dep01513.fasta.best.fas","735","0","0.00395576893054281","0"
"179","../alignments/dep01520.fasta.best.fas","459","0","0.0221830352979666","0"
"180","../alignments/dep01541.fasta.best.fas","183","0.00833352624260582","0","Inf"
"181","../alignments/dep01545.fasta.best.fas","210","0","0",NA
"182","../alignments/dep01547.fasta.best.fas","471","0.00660075592926788","0.0125287325663899","0.526849455385083"
"183","../alignments/dep01559.fasta.best.fas","639","0.00240385078405154","0.00454078291492732","0.529391258971915"
"184","../alignments/dep01560.fasta.best.fas","333","0","0.00886077265684231","0"
"185","../alignments/dep01571.fasta.best.fas","228","0","0.0401281307401913","0"
"186","../alignments/dep01578.fasta.best.fas","402","0.00337952787216132","0.0073771933836258","0.458104823395632"
"187","../alignments/dep01597.fasta.best.fas","387","0.00703530362000352","0.0199440535047682","0.352751942744313"
"188","../alignments/dep01611.fasta.best.fas","117","0","0",NA
"189","../alignments/dep01639.fasta.best.fas","213","0","0.0129295031145709","0"
"190","../alignments/dep01649.fasta.best.fas","258","0","0.0109359844115101","0"
"191","../alignments/dep01666.fasta.best.fas","207","0","0.0271369229524667","0"
"192","../alignments/dep01668.fasta.best.fas","462","0.00638418365757158","0.0332395739836993","0.192065748517185"
"193","../alignments/dep01681.fasta.best.fas","357","0","0",NA
"194","../alignments/dep01689.fasta.best.fas","462","0.00255678518106815","0.0306804030236484","0.0833361015204848"
"195","../alignments/dep01696.fasta.best.fas","324","0","0.00940027044531033","0"
"196","../alignments/dep01703.fasta.best.fas","207","0.00775209326798263","0","Inf"
"197","../alignments/dep01711.fasta.best.fas","222","0","0.0126360363139159","0"
"198","../alignments/dep01730.fasta.best.fas","171","0","0.0170083870516739","0"
"199","../alignments/dep01743.fasta.best.fas","180","0","0",NA
"200","../alignments/dep01752.fasta.best.fas","264","0.00440967520004156","0.0243298343482726","0.181245590780385"
"201","../alignments/dep01755.fasta.best.fas","225","0.0190562705735702","-1.93064542855508e-05","-987.041446954463"
"202","../alignments/dep01756.fasta.best.fas","162","0.0077140436307295","0.0613177321728026","0.125804450970074"
"203","../alignments/dep01776.fasta.best.fas","216","0","0.0465115916716844","0"
"204","../alignments/dep01778.fasta.best.fas","546","0.0081651060626781","0.00506801501753152","1.61110534093387"
"205","../alignments/dep01779.fasta.best.fas","300","0","0",NA
"206","../alignments/dep01786.fasta.best.fas","192","0","0",NA
"207","../alignments/dep01798.fasta.best.fas","240","0","0",NA
"208","../alignments/dep01819.fasta.best.fas","363","0","0.00855433070722066","0"
"209","../alignments/dep01825.fasta.best.fas","195","0.00869587135593462","0","Inf"
"210","../alignments/dep01853.fasta.best.fas","477","0","0.0179817706236605","0"
"211","../alignments/dep01880.fasta.best.fas","216","0","0",NA
"212","../alignments/dep01928.fasta.best.fas","219","0.00724650370379618","0.0590173370472028","0.122786016217579"
"213","../alignments/dep01932.fasta.best.fas","216","0.0120611748043053","0.0567386550374869","0.212574210586003"
"214","../alignments/dep01959.fasta.best.fas","348","0","0",NA
"215","../alignments/dep01972.fasta.best.fas","117","0.0131586541586867","0","Inf"
"216","../alignments/dep01975.fasta.best.fas","240","0","0.0136782118366801","0"
"217","../alignments/dep01978.fasta.best.fas","216","0","0",NA
"218","../alignments/dep02016.fasta.best.fas","240","0","0",NA
"219","../alignments/dep02021.fasta.best.fas","219","0","0",NA
"220","../alignments/dep02035.fasta.best.fas","168","0","0",NA
"221","../alignments/dep02066.fasta.best.fas","405","0.00848696780153734","-2.04369047171331e-05","-415.27657534276"
"222","../alignments/dep02071.fasta.best.fas","408","0.00285633158752764","0","Inf"
"223","../alignments/dep02073.fasta.best.fas","339","0","0.0175619487752729","0"
"224","../alignments/dep02078.fasta.best.fas","237","0.0105649367456091","0.0451848142897408","0.233816093120645"
"225","../alignments/dep02091.fasta.best.fas","168","0","0.0339142838679056","0"
"226","../alignments/dep02096.fasta.best.fas","240","0.0114019868623701","0.0371070996393614","0.307272381112628"
"227","../alignments/dep02112.fasta.best.fas","156","0","0",NA
"228","../alignments/dep02115.fasta.best.fas","240","0","0",NA
"229","../alignments/dep02119.fasta.best.fas","147","0","0",NA
"230","../alignments/dep02121.fasta.best.fas","225","0","0.0490458850488454","0"
"231","../alignments/dep02142.fasta.best.fas","135","0","0.0224803074748085","0"
"232","../alignments/dep02153.fasta.best.fas","222","0.00625005171271393","-1.49149832833388e-05","-419.045170482741"
"233","../alignments/dep02160.fasta.best.fas","573","0","0.00501813769362493","0"
"234","../alignments/dep02177.fasta.best.fas","294","0.00534764455837398","0","Inf"
"235","../alignments/dep02181.fasta.best.fas","216","0","0",NA
"236","../alignments/dep02183.fasta.best.fas","402","0.00285623497942092","0.00739229009166181","0.386380261597504"
"237","../alignments/dep02187.fasta.best.fas","315","0.0036219109331154","0","Inf"
"238","../alignments/dep02208.fasta.best.fas","342","0","0.00851369415161753","0"
"239","../alignments/dep02219.fasta.best.fas","237","0.0116594213727901","0.011857424906806","0.983301303986988"
"240","../alignments/dep02226.fasta.best.fas","120","0","0",NA
"241","../alignments/dep02229.fasta.best.fas","84","0","0",NA
"242","../alignments/dep02241.fasta.best.fas","408","0.00379508463333783","0.0219626922509124","0.172796877085057"
"243","../alignments/dep02251.fasta.best.fas","162","0","0.0190213718066519","0"
"244","../alignments/dep02256.fasta.best.fas","240","0","0",NA
"245","../alignments/dep02259.fasta.best.fas","249","0","0.0125026051436654","0"
"246","../alignments/dep02267.fasta.best.fas","432","0","0",NA
"247","../alignments/dep02281.fasta.best.fas","192","0","0.0157825521192463","0"
"248","../alignments/dep02293.fasta.best.fas","240","0","0.0131358134302317","0"
"249","../alignments/dep02320.fasta.best.fas","765","0","0.00349358650939134","0"
"250","../alignments/dep02331.fasta.best.fas","327","0","0",NA
"251","../alignments/dep02346.fasta.best.fas","201","0","0",NA
"252","../alignments/dep02350.fasta.best.fas","135","0","0",NA
"253","../alignments/dep02358.fasta.best.fas","456","0","0.0460826384585464","0"
"254","../alignments/dep02383.fasta.best.fas","231","0","0",NA
"255","../alignments/dep02409.fasta.best.fas","1128","0","0.0183399649681808","0"
"256","../alignments/dep02419.fasta.best.fas","120","0","0.0497131934373632","0"
"257","../alignments/dep02428.fasta.best.fas","528","0","0.0106238891965212","0"
"258","../alignments/dep02440.fasta.best.fas","240","0","0.0509410381931192","0"
"259","../alignments/dep02444.fasta.best.fas","210","0","0.0139986319258063","0"
"260","../alignments/dep02458.fasta.best.fas","213","0","0.049467720232423","0"
"261","../alignments/dep02463.fasta.best.fas","90","0","0",NA
"262","../alignments/dep02494.fasta.best.fas","150","0","0",NA
"263","../alignments/dep02499.fasta.best.fas","405","0","0.00701938642628676","0"
"264","../alignments/dep02529.fasta.best.fas","117","0.0133341235410806","0","Inf"
"265","../alignments/dep02539.fasta.best.fas","234","0.00660075592926788","0.0125051642541501","0.527842401356486"
"266","../alignments/dep02557.fasta.best.fas","111","0","0",NA
"267","../alignments/dep02583.fasta.best.fas","237","0","0.0120946146631059","0"
"268","../alignments/dep02586.fasta.best.fas","117","0","0",NA
"269","../alignments/dep02604.fasta.best.fas","234","0","0.0125105596067196","0"
"270","../alignments/dep02609.fasta.best.fas","270","0","0",NA
"271","../alignments/dep02638.fasta.best.fas","582","0","0.0101102320838099","0"
"272","../alignments/dep02666.fasta.best.fas","231","0.00653604078367635","0","Inf"
"273","../alignments/dep02672.fasta.best.fas","228","0","0",NA
"274","../alignments/dep02680.fasta.best.fas","150","0","0",NA
"275","../alignments/dep02691.fasta.best.fas","531","0","0.0105267168803847","0"
"276","../alignments/dep02696.fasta.best.fas","378","0","0.00812973727899181","0"
"277","../alignments/dep02716.fasta.best.fas","93","0","0",NA
"278","../alignments/dep02720.fasta.best.fas","231","0.00539585908620118","-1.57145451432173e-05","-343.367182252179"
"279","../alignments/dep02731.fasta.best.fas","171","0","0",NA
"280","../alignments/dep02736.fasta.best.fas","219","0.0110397732876895","-1.88994834326384e-05","-584.13095400398"
"281","../alignments/dep02740.fasta.best.fas","324","0","0.0092105883052858","0"
"282","../alignments/dep02745.fasta.best.fas","372","0.00645134285754215","-5.65267704994158e-06","-1141.28983498338"
"283","../alignments/dep02755.fasta.best.fas","576","0","0",NA
"284","../alignments/dep02760.fasta.best.fas","162","0","0",NA
"285","../alignments/dep02776.fasta.best.fas","186","0.00623109835721865","0.0473936397639125","0.131475412908955"
"286","../alignments/dep02790.fasta.best.fas","300","0","0.0101277566012578","0"
"287","../alignments/dep02793.fasta.best.fas","228","0","0.011895322670164","0"
"288","../alignments/dep02803.fasta.best.fas","252","0","0",NA
"289","../alignments/dep02813.fasta.best.fas","255","0","0",NA
"290","../alignments/dep02817.fasta.best.fas","117","0","0",NA
"291","../alignments/dep02820.fasta.best.fas","135","0","0.052357708191387","0"
"292","../alignments/dep02825.fasta.best.fas","423","0.00852761048065666","-9.08972026618587e-05","-93.8159836709136"
"293","../alignments/dep02832.fasta.best.fas","357","0","0.0443641068055817","0"
"294","../alignments/dep02833.fasta.best.fas","84","0","0.0439002148574276","0"
"295","../alignments/dep02849.fasta.best.fas","306","0","0.0382737129695566","0"
"296","../alignments/dep02853.fasta.best.fas","465","0.0926543570321183","0.274025485576274","0.338123137843426"
"297","../alignments/dep02858.fasta.best.fas","237","0.0182179721886903","0.0125288928368312","1.4540767828371"
"298","../alignments/dep02866.fasta.best.fas","420","0","0",NA
"299","../alignments/dep02875.fasta.best.fas","234","0.013423625018094","0.0123009766483605","1.09126497853186"
"300","../alignments/dep02887.fasta.best.fas","204","0.00905002082180897","0","Inf"
"301","../alignments/dep02891.fasta.best.fas","234","0","0",NA
"302","../alignments/dep02898.fasta.best.fas","333","0.0175867643409014","0.0159592613634565","1.10197859038586"
"303","../alignments/dep02901.fasta.best.fas","219","0","0",NA
"304","../alignments/dep02917.fasta.best.fas","240","0","0.0487210947303632","0"
"305","../alignments/dep02926.fasta.best.fas","207","0.0079682961314063","0.0581069812601154","0.137131476435444"
"306","../alignments/dep02935.fasta.best.fas","612","0.00197576370585334","0.0193732226801233","0.101984256232209"
"307","../alignments/dep02936.fasta.best.fas","231","0.00509886899822962","0","Inf"
"308","../alignments/dep02938.fasta.best.fas","435","0","0.047638792036554","0"
"309","../alignments/dep02946.fasta.best.fas","309","0","0",NA
"310","../alignments/dep02954.fasta.best.fas","117","0.0132458077234881","0.0797021377820928","0.166191373181262"
"311","../alignments/dep02970.fasta.best.fas","651","0","0.0136844541072486","0"
"312","../alignments/dep02978.fasta.best.fas","342","0.00809585133762427","0.0201620008106621","0.401540075990028"
"313","../alignments/dep02993.fasta.best.fas","240","0","0",NA
"314","../alignments/dep02996.fasta.best.fas","198","0","0.0138160883666105","0"
"315","../alignments/dep03022.fasta.best.fas","225","0","0",NA
"316","../alignments/dep03026.fasta.best.fas","204","0.00763373606539419","0.0289773097824655","0.263438397929315"
"317","../alignments/dep03048.fasta.best.fas","171","0.00688961612728678","-0.000110728141299689","-62.2210040412387"
"318","../alignments/dep03049.fasta.best.fas","177","0","0",NA
"319","../alignments/dep03053.fasta.best.fas","399","0","0",NA
"320","../alignments/dep03071.fasta.best.fas","240","0","0",NA
"321","../alignments/dep03081.fasta.best.fas","177","0.00881080067490981","0","Inf"
"322","../alignments/dep03101.fasta.best.fas","486","0.00586609776785906","0","Inf"
"323","../alignments/dep03106.fasta.best.fas","102","0","0",NA
"324","../alignments/dep03108.fasta.best.fas","402","0","0.0153585161327795","0"
"325","../alignments/dep03120.fasta.best.fas","930","0.00258814811602693","0.00971829939820045","0.266316976868009"
"326","../alignments/dep03127.fasta.best.fas","240","0","0",NA
"327","../alignments/dep03143.fasta.best.fas","357","0","0.0162680641019014","0"
"328","../alignments/dep03151.fasta.best.fas","180","0","0",NA
"329","../alignments/dep03153.fasta.best.fas","240","0","0.0232626562768684","0"
"330","../alignments/dep03181.fasta.best.fas","384","0.00290404144625882","0.0343155799750904","0.0846274913134751"
"331","../alignments/dep03182.fasta.best.fas","237","0.0132458077234881","0","Inf"
"332","../alignments/dep03190.fasta.best.fas","183","0","0.0146128395796071","0"
"333","../alignments/dep03192.fasta.best.fas","210","0.00642289048481967","0.0148203041050298","0.433384527017892"
"334","../alignments/dep03199.fasta.best.fas","249","0","0",NA
"335","../alignments/dep03210.fasta.best.fas","204","0","0.0134460543497876","0"
"336","../alignments/dep03229.fasta.best.fas","168","0","0.0180760685835789","0"
"337","../alignments/dep03267.fasta.best.fas","219","0.075752041397901","0.385070618853809","0.196722465150373"
"338","../alignments/dep03276.fasta.best.fas","162","0.00970904292855087","0","Inf"
"339","../alignments/dep03285.fasta.best.fas","195","0.00806469096494186","0","Inf"
"340","../alignments/dep03288.fasta.best.fas","243","0","0",NA
"341","../alignments/dep03312.fasta.best.fas","120","0","0.0223663358504147","0"
"342","../alignments/dep03332.fasta.best.fas","177","0","0",NA
"343","../alignments/dep03359.fasta.best.fas","132","0.0215533726378764","0","Inf"
"344","../alignments/dep03361.fasta.best.fas","240","0","0.0253187067554702","0"
"345","../alignments/dep03368.fasta.best.fas","204","0","0.0133846567646674","0"
"346","../alignments/dep03387.fasta.best.fas","675","0.0023753013792989","0.00399144773320704","0.595097703406577"
"347","../alignments/dep03407.fasta.best.fas","126","0","0",NA
"348","../alignments/dep03416.fasta.best.fas","228","0","0.0135268716626842","0"
"349","../alignments/dep03424.fasta.best.fas","150","0","0.0192695407362217","0"
"350","../alignments/dep03427.fasta.best.fas","264","0","0.0111731958039731","0"
"351","../alignments/dep03432.fasta.best.fas","192","0","0",NA
"352","../alignments/dep03434.fasta.best.fas","240","0.00632919843596173","0.0258448141467375","0.244892395047874"
"353","../alignments/dep03443.fasta.best.fas","318","0.00495053549135577","0","Inf"
"354","../alignments/dep03450.fasta.best.fas","264","0.00450020597464798","0.0214471228015681","0.209827957637233"
"355","../alignments/dep03452.fasta.best.fas","426","0","0",NA
"356","../alignments/dep03469.fasta.best.fas","147","0","0",NA
"357","../alignments/dep03495.fasta.best.fas","150","0","0.0175019718339176","0"
"358","../alignments/dep03516.fasta.best.fas","297","0.00540545805210784","0.00967579377206256","0.558657840322652"
"359","../alignments/dep03529.fasta.best.fas","237","0","0",NA
"360","../alignments/dep03542.fasta.best.fas","327","0.00353828160422468","0","Inf"
"361","../alignments/dep03564.fasta.best.fas","576","0","0.00491717807232093","0"
"362","../alignments/dep03574.fasta.best.fas","240","0.00487121518238884","-1.41108852275522e-05","-345.209751467437"
"363","../alignments/dep03585.fasta.best.fas","405","0.00389107022102747","0.0069130419039046","0.562859342546402"
"364","../alignments/dep03590.fasta.best.fas","162","0","0",NA
"365","../alignments/dep03591.fasta.best.fas","372","0.00295766768103233","0","Inf"
"366","../alignments/dep03600.fasta.best.fas","90","0","0",NA
"367","../alignments/dep03605.fasta.best.fas","231","0","0",NA
"368","../alignments/dep03619.fasta.best.fas","186","0.00693897523010994","0.0516740975972319","0.134283433146623"
"369","../alignments/dep03624.fasta.best.fas","267","0","0",NA
"370","../alignments/dep03631.fasta.best.fas","159","0.0156601079534547","0.0196857705012593","0.795503937854651"
"371","../alignments/dep03643.fasta.best.fas","87","0.0196103565766407","0","Inf"
"372","../alignments/dep03658.fasta.best.fas","111","0","0",NA
"373","../alignments/dep03667.fasta.best.fas","372","0","0",NA
"374","../alignments/dep03670.fasta.best.fas","393","0","0",NA
"375","../alignments/dep03671.fasta.best.fas","300","0","0",NA
"376","../alignments/dep03676.fasta.best.fas","390","0","0.014825051732955","0"
"377","../alignments/dep03678.fasta.best.fas","630","0.00243605841200019","0.0326342212825751","0.0746473583943278"
"378","../alignments/dep03716.fasta.best.fas","189","0.00847477915688671","0.0146753886305034","0.577482434725546"
"379","../alignments/dep03727.fasta.best.fas","186","0.00624644399972918","0.0156479399678742","0.399186347375651"
"380","../alignments/dep03741.fasta.best.fas","237","0","0",NA
"381","../alignments/dep03784.fasta.best.fas","156","0","0",NA
"382","../alignments/dep03790.fasta.best.fas","120","0","0",NA
"383","../alignments/dep03792.fasta.best.fas","147","0","0",NA
"384","../alignments/dep03794.fasta.best.fas","171","0","0",NA
"385","../alignments/dep03826.fasta.best.fas","315","0.00371594235144756","0.0181976127216121","0.204199441338499"
"386","../alignments/dep03832.fasta.best.fas","237","0","0.0246703566128834","0"
"387","../alignments/dep03845.fasta.best.fas","138","0","0.042930253092202","0"
"388","../alignments/dep03858.fasta.best.fas","165","0.00710684585446199","-3.40328525190381e-05","-208.823102632564"
"389","../alignments/dep03860.fasta.best.fas","237","0.0114114586369565","0.0124406833249918","0.917269440821811"
"390","../alignments/dep03884.fasta.best.fas","114","0","0",NA
"391","../alignments/dep03893.fasta.best.fas","105","0","0",NA
"392","../alignments/dep03904.fasta.best.fas","225","0","0",NA
"393","../alignments/dep03907.fasta.best.fas","189","0","0.0153114311604628","0"
"394","../alignments/dep03923.fasta.best.fas","144","0","0.0225251082117631","0"
"395","../alignments/dep03933.fasta.best.fas","417","0.00363637966453994","0","Inf"
"396","../alignments/dep03943.fasta.best.fas","222","0","0.0136190766140147","0"
"397","../alignments/dep03973.fasta.best.fas","129","0","0",NA
"398","../alignments/dep03974.fasta.best.fas","123","0","0.0224817773095134","0"
"399","../alignments/dep03978.fasta.best.fas","195","0","0",NA
"400","../alignments/dep04005.fasta.best.fas","129","0","0",NA
"401","../alignments/dep04007.fasta.best.fas","144","0.0199900035820835","0","Inf"
"402","../alignments/dep04012.fasta.best.fas","225","0","0",NA
"403","../alignments/dep04022.fasta.best.fas","159","0","0",NA
"404","../alignments/dep04039.fasta.best.fas","87","0","0",NA
"405","../alignments/dep04051.fasta.best.fas","510","0","0.00547325805037511","0"
"406","../alignments/dep04067.fasta.best.fas","210","0.0131404563066751","0","Inf"
"407","../alignments/dep04078.fasta.best.fas","105","0","0.032692982792683","0"
"408","../alignments/dep04130.fasta.best.fas","135","0","0",NA
"409","../alignments/dep04133.fasta.best.fas","291","0.00409647151998893","0.0237548416566146","0.172447856281469"
"410","../alignments/dep04191.fasta.best.fas","234","0","0.0124744319113053","0"
"411","../alignments/dep04199.fasta.best.fas","222","0","0",NA
"412","../alignments/dep04215.fasta.best.fas","174","0","0",NA
"413","../alignments/dep04216.fasta.best.fas","315","0","0.0232054135877176","0"
"414","../alignments/dep04221.fasta.best.fas","51","0","0.0536628163652525","0"
"415","../alignments/dep04258.fasta.best.fas","540","0","0",NA
"416","../alignments/dep04261.fasta.best.fas","174","0","0.0166551022290506","0"
"417","../alignments/dep04263.fasta.best.fas","120","0","0",NA
"418","../alignments/dep04274.fasta.best.fas","207","0.0056748958591435","-2.1318595791713e-05","-266.194636578712"
"419","../alignments/dep04300.fasta.best.fas","294","0","0.0436090199550672","0"
"420","../alignments/dep04311.fasta.best.fas","237","0","0",NA
"421","../alignments/dep04329.fasta.best.fas","192","0","0",NA
"422","../alignments/dep04335.fasta.best.fas","303","0","0",NA
"423","../alignments/dep04345.fasta.best.fas","537","0","0.0168996325844545","0"
"424","../alignments/dep04346.fasta.best.fas","336","0","0.00877019132844394","0"
"425","../alignments/dep04354.fasta.best.fas","531","0.00284495788883934","0.00566542584505678","0.502161349675352"
"426","../alignments/dep04367.fasta.best.fas","249","0","0",NA
"427","../alignments/dep04377.fasta.best.fas","207","0","0",NA
"428","../alignments/dep04386.fasta.best.fas","555","0.00284091673371543","0.0173296825031169","0.16393357080861"
"429","../alignments/dep04422.fasta.best.fas","186","0","0.0492039369782599","0"
"430","../alignments/dep04466.fasta.best.fas","132","0","0",NA
"431","../alignments/dep04473.fasta.best.fas","237","0","0.0131904031938343","0"
"432","../alignments/dep04492.fasta.best.fas","186","0","0",NA
"433","../alignments/dep04503.fasta.best.fas","150","0","0",NA
"434","../alignments/dep04505.fasta.best.fas","933","0.00275802800221371","0.031645342597598","0.0871543101076444"
"435","../alignments/dep04509.fasta.best.fas","231","0.00543125775236196","0","Inf"
"436","../alignments/dep04513.fasta.best.fas","141","0","0",NA
"437","../alignments/dep04524.fasta.best.fas","279","0.0056818793251575","0","Inf"
"438","../alignments/dep04549.fasta.best.fas","240","0","0.0232603007954092","0"
"439","../alignments/dep04567.fasta.best.fas","156","0","0.0711743114771917","0"
"440","../alignments/dep04568.fasta.best.fas","510","0.00310560004632034","0.00557389997052962","0.557168241758966"
"441","../alignments/dep04577.fasta.best.fas","75","0","0",NA
"442","../alignments/dep04591.fasta.best.fas","180","0","0.0158284838326012","0"
"443","../alignments/dep04605.fasta.best.fas","369","0.00438599303641852","0.0219226464708903","0.200066768500892"
"444","../alignments/dep04611.fasta.best.fas","168","0","0.0627224822215198","0"
"445","../alignments/dep04615.fasta.best.fas","129","0","0.0225546002206979","0"
"446","../alignments/dep04628.fasta.best.fas","618","0.00249066517510208","0.0204122748700471","0.122018010778253"
"447","../alignments/dep04650.fasta.best.fas","153","0.00793527607840008","0.0199400947485916","0.397955785990464"
"448","../alignments/dep04651.fasta.best.fas","225","0","0.0123273345738623","0"
"449","../alignments/dep04658.fasta.best.fas","240","0.0109755973431012","0.053738989087335","0.204238999086195"
"450","../alignments/dep04689.fasta.best.fas","237","0","0.0115265830084383","0"
"451","../alignments/dep04695.fasta.best.fas","192","0","0",NA
"452","../alignments/dep04702.fasta.best.fas","531","0","0",NA
"453","../alignments/dep04706.fasta.best.fas","231","0.00509914374230689","0","Inf"
"454","../alignments/dep04707.fasta.best.fas","702","0","0.00404502659295969","0"
"455","../alignments/dep04723.fasta.best.fas","252","0.0061350462959072","0","Inf"
"456","../alignments/dep04736.fasta.best.fas","360","0","0.00786454260868598","0"
"457","../alignments/dep04766.fasta.best.fas","153","0","0",NA
"458","../alignments/dep04775.fasta.best.fas","159","0","0.0181656061479011","0"
"459","../alignments/dep04787.fasta.best.fas","201","0","0",NA
"460","../alignments/dep04801.fasta.best.fas","180","0","0.0383219078712319","0"
"461","../alignments/dep04803.fasta.best.fas","177","0","0",NA
"462","../alignments/dep04807.fasta.best.fas","396","0","0",NA
"463","../alignments/dep04858.fasta.best.fas","597","0","0.030974515136351","0"
"464","../alignments/dep04865.fasta.best.fas","180","0.00869587135593462","0","Inf"
"465","../alignments/dep04902.fasta.best.fas","270","0.00574718971286761","0","Inf"
"466","../alignments/dep04910.fasta.best.fas","231","0","0.0119366604996015","0"
"467","../alignments/dep04916.fasta.best.fas","279","0.00593478777769186","0","Inf"
"468","../alignments/dep04920.fasta.best.fas","108","0","0",NA
"469","../alignments/dep04926.fasta.best.fas","375","0","0",NA
"470","../alignments/dep04952.fasta.best.fas","135","0","0.023883552610189","0"
"471","../alignments/dep04955.fasta.best.fas","222","0","0",NA
"472","../alignments/dep04967.fasta.best.fas","165","0","0.0351210354228472","0"
"473","../alignments/dep04985.fasta.best.fas","225","0.00699312098736994","0.013086707996381","0.534368229909601"
"474","../alignments/dep04990.fasta.best.fas","234","0","0.0568652485997695","0"
"475","../alignments/dep04999.fasta.best.fas","84","0.0188701639914234","0","Inf"
"476","../alignments/dep05042.fasta.best.fas","135","0","0",NA
"477","../alignments/dep05043.fasta.best.fas","147","0","0",NA
"478","../alignments/dep05060.fasta.best.fas","177","0.0247562541889717","0.0164759802589723","1.50256639057881"
"479","../alignments/dep05063.fasta.best.fas","219","0.00727285550118936","0.0255670179136766","0.284462408785613"
"480","../alignments/dep05074.fasta.best.fas","363","0","0",NA
"481","../alignments/dep05076.fasta.best.fas","228","0","0.0131282442726792","0"
"482","../alignments/dep05086.fasta.best.fas","75","0","0",NA
"483","../alignments/dep05089.fasta.best.fas","126","0","0",NA
"484","../alignments/dep05110.fasta.best.fas","99","0","0",NA
"485","../alignments/dep05128.fasta.best.fas","210","0.00556769103654637","0","Inf"
"486","../alignments/dep05129.fasta.best.fas","222","0","0",NA
"487","../alignments/dep05138.fasta.best.fas","42","0","0",NA
"488","../alignments/dep05142.fasta.best.fas","174","0.00909115954159527","0","Inf"
"489","../alignments/dep05167.fasta.best.fas","210","0","0",NA
"490","../alignments/dep05186.fasta.best.fas","210","0","0.0575526918304982","0"
"491","../alignments/dep05204.fasta.best.fas","180","0","0.0170323615629137","0"
"492","../alignments/dep05210.fasta.best.fas","207","0.00763373606539419","0.013661245967441","0.558787689174748"
"493","../alignments/dep05222.fasta.best.fas","165","0","0",NA
"494","../alignments/dep05230.fasta.best.fas","381","0.0030385235449877","0.0151791621860455","0.200177289612273"
"495","../alignments/dep05260.fasta.best.fas","234","0","0.0128905743688341","0"
"496","../alignments/dep05264.fasta.best.fas","498","0","0.00584704509761125","0"
"497","../alignments/dep05299.fasta.best.fas","240","0.00657904228875549","0","Inf"
"498","../alignments/dep05321.fasta.best.fas","72","0","0",NA
"499","../alignments/dep05335.fasta.best.fas","219","0.0279891727896361","-8.76904558627304e-05","-319.181517695038"
"500","../alignments/dep05346.fasta.best.fas","435","0","0.00629907807950976","0"
"501","../alignments/dep05349.fasta.best.fas","210","0","0.0131158857941912","0"
"502","../alignments/dep05359.fasta.best.fas","324","0","0.00949032463554086","0"
"503","../alignments/dep05360.fasta.best.fas","75","0","0",NA
"504","../alignments/dep05369.fasta.best.fas","324","0.00507618573200895","0","Inf"
"505","../alignments/dep05374.fasta.best.fas","204","0.0152102983503559","0","Inf"
"506","../alignments/dep05377.fasta.best.fas","108","0","0",NA
"507","../alignments/dep05386.fasta.best.fas","237","0.00666676543473258","0","Inf"
"508","../alignments/dep05390.fasta.best.fas","216","0.0145995773461312","0","Inf"
"509","../alignments/dep05396.fasta.best.fas","363","0.00764993809873661","0.0078059926124394","0.980008370305897"
"510","../alignments/dep05419.fasta.best.fas","156","0","0",NA
"511","../alignments/dep05420.fasta.best.fas","84","0","0",NA
"512","../alignments/dep05442.fasta.best.fas","225","0","0.0115192541773097","0"
"513","../alignments/dep05453.fasta.best.fas","354","0","0.0226848726822654","0"
"514","../alignments/dep05463.fasta.best.fas","120","0","0",NA
"515","../alignments/dep05469.fasta.best.fas","228","0","0",NA
"516","../alignments/dep05495.fasta.best.fas","129","0","0",NA
"517","../alignments/dep05521.fasta.best.fas","39","0","0",NA
"518","../alignments/dep05541.fasta.best.fas","159","0","0",NA
"519","../alignments/dep05567.fasta.best.fas","84","0","0",NA
"520","../alignments/dep05572.fasta.best.fas","216","0","0",NA
"521","../alignments/dep05578.fasta.best.fas","192","0","0.0150020004801372","0"
"522","../alignments/dep05579.fasta.best.fas","207","0","0.0310337716877198","0"
"523","../alignments/dep05594.fasta.best.fas","156","0.0103096436013678","0","Inf"
"524","../alignments/dep05595.fasta.best.fas","237","0","0",NA
"525","../alignments/dep05600.fasta.best.fas","129","0","0.0432476682922643","0"
"526","../alignments/dep05611.fasta.best.fas","96","0","0.0319368103032524","0"
"527","../alignments/dep05622.fasta.best.fas","210","0","0.0420033284687834","0"
"528","../alignments/dep05645.fasta.best.fas","552","0.00496504302476736","0.0158076904503724","0.314090349906263"
"529","../alignments/dep05659.fasta.best.fas","210","0.0121207671708061","-2.11062730634982e-05","-574.273209407498"
"530","../alignments/dep05696.fasta.best.fas","228","0","0",NA
"531","../alignments/dep05697.fasta.best.fas","210","0.00577631355461735","0","Inf"
"532","../alignments/dep05717.fasta.best.fas","222","0","0",NA
"533","../alignments/dep05720.fasta.best.fas","108","0","0",NA
"534","../alignments/dep05727.fasta.best.fas","240","0","0.027942207134378","0"
"535","../alignments/dep05760.fasta.best.fas","96","0","0",NA
"536","../alignments/dep05780.fasta.best.fas","60","0","0",NA
"537","../alignments/dep05784.fasta.best.fas","339","0.00356978094280606","0","Inf"
"538","../alignments/dep05790.fasta.best.fas","240","0","0",NA
"539","../alignments/dep05801.fasta.best.fas","66","0","0",NA
"540","../alignments/dep05806.fasta.best.fas","117","0","0",NA
"541","../alignments/dep05808.fasta.best.fas","174","0","0",NA
"542","../alignments/dep05815.fasta.best.fas","129","0","0.055290110638498","0"
"543","../alignments/dep05826.fasta.best.fas","228","0.00525981626411445","0","Inf"
"544","../alignments/dep05836.fasta.best.fas","225","0","0",NA
"545","../alignments/dep05839.fasta.best.fas","132","0","0.0251581793701698","0"
"546","../alignments/dep05852.fasta.best.fas","156","0.0174384323121759","0.0190457628095504","0.915606924571776"
"547","../alignments/dep05860.fasta.best.fas","237","0","0",NA
"548","../alignments/dep05941.fasta.best.fas","222","0.00559857844203397","0.0125146932180676","0.447360422223633"
"549","../alignments/dep05947.fasta.best.fas","168","0","0",NA
"550","../alignments/dep05952.fasta.best.fas","237","0","0",NA
"551","../alignments/dep05961.fasta.best.fas","231","0","0",NA
"552","../alignments/dep05971.fasta.best.fas","168","0.00970904292855087","0","Inf"
"553","../alignments/dep05996.fasta.best.fas","108","0","0.0270155168353401","0"
"554","../alignments/dep06002.fasta.best.fas","348","0.00448433499138016","0.0186553702872731","0.240377699414491"
"555","../alignments/dep06032.fasta.best.fas","228","0","0",NA
"556","../alignments/dep06038.fasta.best.fas","177","0","0",NA
"557","../alignments/dep06042.fasta.best.fas","153","0","0",NA
"558","../alignments/dep06054.fasta.best.fas","198","0.0062847204493541","0","Inf"
"559","../alignments/dep06062.fasta.best.fas","93","0.0169507758378407","0.0771106887102991","0.219823945568998"
"560","../alignments/dep06063.fasta.best.fas","249","0","0.0115056522839211","0"
"561","../alignments/dep06071.fasta.best.fas","99","0.016668210133796","0","Inf"
"562","../alignments/dep06083.fasta.best.fas","75","0","0",NA
"563","../alignments/dep06088.fasta.best.fas","237","0","0.0129620639654301","0"
"564","../alignments/dep06092.fasta.best.fas","219","0","0",NA
"565","../alignments/dep06093.fasta.best.fas","105","0","0",NA
"566","../alignments/dep06102.fasta.best.fas","309","0","0",NA
"567","../alignments/dep06104.fasta.best.fas","192","0","0.0148406239604199","0"
"568","../alignments/dep06124.fasta.best.fas","237","0","0",NA
"569","../alignments/dep06125.fasta.best.fas","201","0","0.0140020942937987","0"
"570","../alignments/dep06126.fasta.best.fas","180","0","0.0161702042547542","0"
"571","../alignments/dep06152.fasta.best.fas","240","0.00481703164952134","0.0243053894688094","0.198187799282252"
"572","../alignments/dep06153.fasta.best.fas","219","0","0",NA
"573","../alignments/dep06159.fasta.best.fas","84","0","0.0420590295776516","0"
"574","../alignments/dep06185.fasta.best.fas","240","0","0.0250822772872953","0"
"575","../alignments/dep06243.fasta.best.fas","234","0","0",NA
"576","../alignments/dep06249.fasta.best.fas","183","0.0154322735107632","-9.59973592962399e-05","-160.75727107389"
"577","../alignments/dep06264.fasta.best.fas","81","0","0.0416274187695177","0"
"578","../alignments/dep06266.fasta.best.fas","285","0","0.0101344735757786","0"
"579","../alignments/dep06288.fasta.best.fas","129","0","0",NA
"580","../alignments/dep06305.fasta.best.fas","45","0.0255847933536263","0","Inf"
"581","../alignments/dep06314.fasta.best.fas","240","0","0",NA
"582","../alignments/dep06333.fasta.best.fas","171","0","0",NA
"583","../alignments/dep06336.fasta.best.fas","225","0.014235837040656","0","Inf"
"584","../alignments/dep06346.fasta.best.fas","186","0","0",NA
"585","../alignments/dep06350.fasta.best.fas","195","0.00787417848406956","0.0160693920634087","0.490010975710756"
"586","../alignments/dep06364.fasta.best.fas","135","0.00868868320032149","0.0553249123647995","0.157048295766478"
"587","../alignments/dep06393.fasta.best.fas","210","0","0",NA
"588","../alignments/dep06400.fasta.best.fas","315","0","0",NA
"589","../alignments/dep06409.fasta.best.fas","207","0.015038727618639","0","Inf"
"590","../alignments/dep06457.fasta.best.fas","153","0","0",NA
"591","../alignments/dep06464.fasta.best.fas","231","0","0",NA
"592","../alignments/dep06471.fasta.best.fas","225","0","0.0369291966394089","0"
"593","../alignments/dep06489.fasta.best.fas","165","0","0.0177388180882599","0"
"594","../alignments/dep06496.fasta.best.fas","330","0","0",NA
"595","../alignments/dep06504.fasta.best.fas","240","0.0158739083575481","0","Inf"
"596","../alignments/dep06508.fasta.best.fas","165","0.00985253553966617","0.0166001857624337","0.593519595543473"
"597","../alignments/dep06552.fasta.best.fas","171","0","0",NA
"598","../alignments/dep06556.fasta.best.fas","198","0.0059260578054849","-2.22028074387784e-05","-266.905787559762"
"599","../alignments/dep06565.fasta.best.fas","288","0","0.00955388980539245","0"
"600","../alignments/dep06568.fasta.best.fas","174","0","0",NA
"601","../alignments/dep06601.fasta.best.fas","192","0","0",NA
"602","../alignments/dep06609.fasta.best.fas","228","0.00509494427768433","-5.86199565891998e-05","-86.9148422164309"
"603","../alignments/dep06610.fasta.best.fas","204","0","0",NA
"604","../alignments/dep06622.fasta.best.fas","99","0.0333456872493361","0","Inf"
"605","../alignments/dep06649.fasta.best.fas","42","0","0",NA
"606","../alignments/dep06672.fasta.best.fas","240","0.0046814982583405","0","Inf"
"607","../alignments/dep06674.fasta.best.fas","231","0","0",NA
"608","../alignments/dep06679.fasta.best.fas","240","0.0151978739074471","0.052337799095108","0.290380454856912"
"609","../alignments/dep06700.fasta.best.fas","255","0.00485147605918318","0","Inf"
"610","../alignments/dep06701.fasta.best.fas","222","0","0.0271462955015288","0"
"611","../alignments/dep06767.fasta.best.fas","96","0","0.0365533558933604","0"
"612","../alignments/dep06769.fasta.best.fas","237","0.00617291791114968","0","Inf"
"613","../alignments/dep06799.fasta.best.fas","240","0","0",NA
"614","../alignments/dep06815.fasta.best.fas","129","0","0",NA
"615","../alignments/dep06832.fasta.best.fas","210","0","0",NA
"616","../alignments/dep06856.fasta.best.fas","420","0","0",NA
"617","../alignments/dep06876.fasta.best.fas","123","0","0",NA
"618","../alignments/dep06881.fasta.best.fas","273","0.005780411200538","0","Inf"
"619","../alignments/dep06882.fasta.best.fas","168","0","0",NA
"620","../alignments/dep06911.fasta.best.fas","210","0","0",NA
"621","../alignments/dep06930.fasta.best.fas","192","0.00618186438861748","-2.27648181160796e-05","-271.553427622205"
"622","../alignments/dep06939.fasta.best.fas","237","0","0",NA
"623","../alignments/dep06940.fasta.best.fas","243","0","0",NA
"624","../alignments/dep06948.fasta.best.fas","240","0.00657904228875549","0","Inf"
"625","../alignments/dep06965.fasta.best.fas","207","0.00714297862373822","0","Inf"
"626","../alignments/dep06969.fasta.best.fas","141","0.0324349287870153","0.0349290758001393","0.928593959158973"
"627","../alignments/dep06983.fasta.best.fas","231","0.00684942217908096","0.0386860146635359","0.17705163580825"
"628","../alignments/dep06995.fasta.best.fas","240","0.0114656945770036","0","Inf"
"629","../alignments/dep07009.fasta.best.fas","291","0","0.0312713777016914","0"
"630","../alignments/dep07019.fasta.best.fas","240","0","0.0623473010491974","0"
"631","../alignments/dep07030.fasta.best.fas","405","0.00392158873051294","0","Inf"
"632","../alignments/dep07036.fasta.best.fas","207","0.00541780276546596","0","Inf"
"633","../alignments/dep07049.fasta.best.fas","234","0.00657904228875549","0.0127070842381938","0.517746019891864"
"634","../alignments/dep07053.fasta.best.fas","249","0.00606068026617241","0.0400168585705053","0.151453174553774"
"635","../alignments/dep07073.fasta.best.fas","93","0","0",NA
"636","../alignments/dep07076.fasta.best.fas","237","0","0",NA
"637","../alignments/dep07084.fasta.best.fas","207","0","0",NA
"638","../alignments/dep07106.fasta.best.fas","231","0","0.0254221008761182","0"
"639","../alignments/dep07131.fasta.best.fas","240","0.00641034421453073","0.0535632935686208","0.119677932170439"
"640","../alignments/dep07150.fasta.best.fas","210","0.00704236994086951","0.015396804331224","0.457391663189997"
"641","../alignments/dep07165.fasta.best.fas","117","0","0.0255537220786916","0"
"642","../alignments/dep07171.fasta.best.fas","177","0","0.0185027674596626","0"
"643","../alignments/dep07204.fasta.best.fas","177","0","0",NA
"644","../alignments/dep07205.fasta.best.fas","240","0","0",NA
"645","../alignments/dep07212.fasta.best.fas","240","0","0",NA
"646","../alignments/dep07268.fasta.best.fas","96","0","0",NA
"647","../alignments/dep07274.fasta.best.fas","246","0","0.0115794188129189","0"
"648","../alignments/dep07292.fasta.best.fas","342","0.00775024010257578","0.0624417555771855","0.124119509948684"
"649","../alignments/dep07294.fasta.best.fas","567","0","0",NA
"650","../alignments/dep07306.fasta.best.fas","228","0.00538664510655038","0.0133103853647885","0.404694902433126"
"651","../alignments/dep07321.fasta.best.fas","222","0","0.02848616971543","0"
"652","../alignments/dep07369.fasta.best.fas","240","0.0165295264886895","0.0503861400013845","0.32805701107954"
"653","../alignments/dep07375.fasta.best.fas","102","0","0.032904592433654","0"
"654","../alignments/dep07386.fasta.best.fas","432","0.00355873388443198","0.0141076177106595","0.252256189345352"
"655","../alignments/dep07417.fasta.best.fas","240","0","0.0117125155808835","0"
"656","../alignments/dep07424.fasta.best.fas","102","0.0158743491572901","0","Inf"
"657","../alignments/dep07461.fasta.best.fas","219","0","0.0151301683693982","0"
"658","../alignments/dep07472.fasta.best.fas","183","0","0",NA
"659","../alignments/dep07474.fasta.best.fas","429","0","0.00664844500984184","0"
"660","../alignments/dep07478.fasta.best.fas","519","0.00294551661861867","0.0117111616442297","0.251513616505326"
"661","../alignments/dep07502.fasta.best.fas","228","0.0141853485646078","0","Inf"
"662","../alignments/dep07506.fasta.best.fas","240","0","0",NA
"663","../alignments/dep07530.fasta.best.fas","174","0","0",NA
"664","../alignments/dep07557.fasta.best.fas","165","0.00703614523380301","-0.000121787850992208","-57.7737859439953"
"665","../alignments/dep07565.fasta.best.fas","180","0","0",NA
"666","../alignments/dep07573.fasta.best.fas","126","0","0",NA
"667","../alignments/dep07574.fasta.best.fas","123","0.0123463062951858","0","Inf"
"668","../alignments/dep07594.fasta.best.fas","486","0.00324150243903916","0.0139664894076905","0.232091425727517"
"669","../alignments/dep07608.fasta.best.fas","135","0","0.0216148252115022","0"
"670","../alignments/dep07616.fasta.best.fas","162","0","0",NA
"671","../alignments/dep07661.fasta.best.fas","189","0","0.0160189628403212","0"
"672","../alignments/dep07671.fasta.best.fas","129","0","0",NA
"673","../alignments/dep07687.fasta.best.fas","579","0.00738579792439539","0.0330030488046953","0.223791382672034"
"674","../alignments/dep07701.fasta.best.fas","195","0","0.0442510523071726","0"
"675","../alignments/dep07707.fasta.best.fas","168","0","0.0186119662810382","0"
"676","../alignments/dep07712.fasta.best.fas","219","0.00555206936543103","0","Inf"
"677","../alignments/dep07726.fasta.best.fas","216","0.0053735861243954","0.0129519372217638","0.414886671575731"
"678","../alignments/dep07736.fasta.best.fas","114","0","0.0912047010844965","0"
"679","../alignments/dep07739.fasta.best.fas","324","0.00483095545586845","0","Inf"
"680","../alignments/dep07754.fasta.best.fas","207","0","0",NA
"681","../alignments/dep07759.fasta.best.fas","240","0","0",NA
"682","../alignments/dep07793.fasta.best.fas","414","0","0.0291934021380459","0"
"683","../alignments/dep07796.fasta.best.fas","126","0.0254832217960138","0.0537932797126819","0.473725006768941"
"684","../alignments/dep07862.fasta.best.fas","87","0","0",NA
"685","../alignments/dep07864.fasta.best.fas","210","0","0",NA
"686","../alignments/dep07880.fasta.best.fas","201","0","0",NA
"687","../alignments/dep07905.fasta.best.fas","234","0.00478293061394237","0","Inf"
"688","../alignments/dep07934.fasta.best.fas","237","0","0",NA
"689","../alignments/dep07943.fasta.best.fas","96","0","0",NA
"690","../alignments/dep07971.fasta.best.fas","123","0","0",NA
"691","../alignments/dep08035.fasta.best.fas","237","0","0.0262399950261137","0"
"692","../alignments/dep08051.fasta.best.fas","210","0.00760470933176435","0","Inf"
"693","../alignments/dep08073.fasta.best.fas","174","0","0.0151427757411961","0"
"694","../alignments/dep08078.fasta.best.fas","171","0","0",NA
"695","../alignments/dep08097.fasta.best.fas","237","0","0",NA
"696","../alignments/dep08104.fasta.best.fas","366","0.00769052785854876","0.0154622595606438","0.497374127525546"
"697","../alignments/dep08112.fasta.best.fas","153","0","0.0199802702949564","0"
"698","../alignments/dep08117.fasta.best.fas","246","0","0.0114493129835603","0"
"699","../alignments/dep08150.fasta.best.fas","243","0","0.067587947177959","0"
"700","../alignments/dep08156.fasta.best.fas","183","0","0",NA
"701","../alignments/dep08167.fasta.best.fas","150","0.0200026673068496","0","Inf"
"702","../alignments/dep08174.fasta.best.fas","228","0","0",NA
"703","../alignments/dep08199.fasta.best.fas","237","0","0",NA
"704","../alignments/dep08211.fasta.best.fas","159","0","0",NA
"705","../alignments/dep08224.fasta.best.fas","216","0.00740754289257034","0.0128886838467564","0.574732298553088"
"706","../alignments/dep08251.fasta.best.fas","219","0","0",NA
"707","../alignments/dep08279.fasta.best.fas","225","0","0",NA
"708","../alignments/dep08285.fasta.best.fas","201","0.00587862139468227","0","Inf"
"709","../alignments/dep08303.fasta.best.fas","171","0","0.0161702042547542","0"
"710","../alignments/dep08304.fasta.best.fas","69","0","0",NA
"711","../alignments/dep08320.fasta.best.fas","240","0","0.0472550926566094","0"
"712","../alignments/dep08368.fasta.best.fas","174","0","0",NA
"713","../alignments/dep08401.fasta.best.fas","180","0","0.0162339696146521","0"
"714","../alignments/dep08436.fasta.best.fas","90","0","0",NA
"715","../alignments/dep08454.fasta.best.fas","240","0","0.0123009766483605","0"
"716","../alignments/dep08472.fasta.best.fas","240","0","0",NA
"717","../alignments/dep08488.fasta.best.fas","159","0.00980423569418817","0","Inf"
"718","../alignments/dep08517.fasta.best.fas","207","0","0.0147673757818488","0"
"719","../alignments/dep08520.fasta.best.fas","180","0","0.0172102723033523","0"
"720","../alignments/dep08529.fasta.best.fas","153","0.0115612087104271","0.150139576213145","0.0770030727542102"
"721","../alignments/dep08571.fasta.best.fas","231","0.018742104561448","0","Inf"
"722","../alignments/dep08624.fasta.best.fas","36","0","0",NA
"723","../alignments/dep08627.fasta.best.fas","327","0.00966213641320142","0.0179776748648594","0.537451950034305"
"724","../alignments/dep08628.fasta.best.fas","237","0","0",NA
"725","../alignments/dep08658.fasta.best.fas","108","0","0",NA
"726","../alignments/dep08666.fasta.best.fas","114","0","0",NA
"727","../alignments/dep08718.fasta.best.fas","195","0","0.0415310967582626","0"
"728","../alignments/dep08726.fasta.best.fas","105","0","0",NA
"729","../alignments/dep08780.fasta.best.fas","237","0.00625008138211573","0.0134775613635513","0.463739783000984"
"730","../alignments/dep08781.fasta.best.fas","162","0","0",NA
"731","../alignments/dep08788.fasta.best.fas","234","0","0",NA
"732","../alignments/dep08818.fasta.best.fas","219","0","0.0142896034599872","0"
"733","../alignments/dep08821.fasta.best.fas","219","0.00729939971057632","0","Inf"
"734","../alignments/dep08835.fasta.best.fas","174","0","0",NA
"735","../alignments/dep08841.fasta.best.fas","105","0","0.0293512092651981","0"
"736","../alignments/dep08856.fasta.best.fas","135","0","0",NA
"737","../alignments/dep08932.fasta.best.fas","108","0","0.0291910087457865","0"
"738","../alignments/dep08970.fasta.best.fas","210","0.0059843781026212","0.0380597056174758","0.157236584086278"
"739","../alignments/dep08988.fasta.best.fas","549","0.00278940751351947","0.00532746350103854","0.523590168750231"
"740","../alignments/dep09003.fasta.best.fas","315","0.00728217268040997","0.0413508821748726","0.176106827651553"
"741","../alignments/dep09048.fasta.best.fas","300","0","0.0187077798885417","0"
"742","../alignments/dep09069.fasta.best.fas","582","0.00741671894335561","0.022016193572281","0.336875623799632"
"743","../alignments/dep09081.fasta.best.fas","189","0","0.015753893127215","0"
"744","../alignments/dep09103.fasta.best.fas","108","0.0118883573791575","-0.000297311377958481","-39.9862173482564"
"745","../alignments/dep09144.fasta.best.fas","411","0","0",NA
"746","../alignments/dep09154.fasta.best.fas","720","0.00159334346678751","0","Inf"
"747","../alignments/dep09196.fasta.best.fas","276","0","0",NA
"748","../alignments/dep09200.fasta.best.fas","372","0.0107051805396889","0.0157323662628583","0.68045584248583"
"749","../alignments/dep09203.fasta.best.fas","264","0","0",NA
"750","../alignments/dep09238.fasta.best.fas","1488","0.00080213929255091","0.00386260208501261","0.207668114627524"
"751","../alignments/dep09242.fasta.best.fas","789","0.00200803482744498","0","Inf"
"752","../alignments/dep09244.fasta.best.fas","297","0","0",NA
"753","../alignments/dep09263.fasta.best.fas","237","0","0",NA
"754","../alignments/dep09264.fasta.best.fas","567","0.00204661126190149","0.0194186557469398","0.105394075088025"
"755","../alignments/dep09310.fasta.best.fas","141","0","0",NA
"756","../alignments/dep09316.fasta.best.fas","135","0","0.0226358875555117","0"
"757","../alignments/dep09317.fasta.best.fas","159","0.0199031252002099","0","Inf"
"758","../alignments/dep09403.fasta.best.fas","492","0.00490932909758596","0.0249176140980774","0.197022438756074"
"759","../alignments/dep09453.fasta.best.fas","486","0","0.00609128146809829","0"
"760","../alignments/dep09460.fasta.best.fas","465","0.00332227135933426","0","Inf"
"761","../alignments/dep09468.fasta.best.fas","1143","0","0.00784533783098759","0"
"762","../alignments/dep09470.fasta.best.fas","375","0","0",NA
"763","../alignments/dep09491.fasta.best.fas","246","0","0.0126493018217046","0"
"764","../alignments/dep09494.fasta.best.fas","357","0","0.00845818466088962","0"
"765","../alignments/dep09503.fasta.best.fas","894","0","0.00322277123130435","0"
"766","../alignments/dep09510.fasta.best.fas","696","0.00225479525298753","0.0167989210055638","0.134222623717365"
"767","../alignments/dep09512.fasta.best.fas","216","0.0179219365159676","-6.47131761917093e-05","-276.944164552747"
"768","../alignments/dep09515.fasta.best.fas","135","0","0",NA
"769","../alignments/dep09522.fasta.best.fas","495","0","0.00586421904894541","0"
"770","../alignments/dep09529.fasta.best.fas","351","0.0410356780834673","-0.000147859361712915","-277.531822186157"
"771","../alignments/dep09530.fasta.best.fas","1032","0","0.0259956914255948","0"
"772","../alignments/dep09531.fasta.best.fas","504","0","0.0201463133096446","0"
"773","../alignments/dep09541.fasta.best.fas","345","0.00450453497118296","0","Inf"
"774","../alignments/dep09543.fasta.best.fas","990","0","0.0173596976292414","0"
"775","../alignments/dep09545.fasta.best.fas","483","0","0.0201571595591069","0"
"776","../alignments/dep09551.fasta.best.fas","933","0.00251663191287398","0.0151874209739548","0.165705021095406"
"777","../alignments/dep09558.fasta.best.fas","636","0.00665106756073408","0.0164242266691313","0.404954686434918"
"778","../alignments/dep09565.fasta.best.fas","534","0.00282886185992943","0.0292544404981669","0.0966985459901953"
"779","../alignments/dep09571.fasta.best.fas","186","0","0",NA
"780","../alignments/dep09572.fasta.best.fas","285","0","0",NA
"781","../alignments/dep09582.fasta.best.fas","216","0.00749077680780845","0","Inf"
"782","../alignments/dep09588.fasta.best.fas","450","0","0",NA
"783","../alignments/dep09589.fasta.best.fas","357","0","0.0083110990976087","0"
"784","../alignments/dep09597.fasta.best.fas","675","0","0",NA
"785","../alignments/dep09601.fasta.best.fas","462","0.00500167079917346","-6.64978989972917e-05","-75.2154710839386"
"786","../alignments/dep09607.fasta.best.fas","543","0","0.028098789979856","0"
"787","../alignments/dep09623.fasta.best.fas","249","0","0.0116501547929609","0"
"788","../alignments/dep09631.fasta.best.fas","360","0","0",NA
"789","../alignments/dep09637.fasta.best.fas","480","0","0",NA
"790","../alignments/dep09641.fasta.best.fas","339","0","0.0320893832981511","0"
"791","../alignments/dep09644.fasta.best.fas","258","0","0.0123598299729037","0"
"792","../alignments/dep09647.fasta.best.fas","81","0","0",NA
"793","../alignments/dep09658.fasta.best.fas","114","0","0",NA
"794","../alignments/dep09659.fasta.best.fas","180","0","0.0284643641206149","0"
"795","../alignments/dep09664.fasta.best.fas","210","0","0.013548799347386","0"
"796","../alignments/dep09669.fasta.best.fas","399","0.00312361713640809","0","Inf"
"797","../alignments/dep09671.fasta.best.fas","246","0.00461690583826825","0.0119669776618978","0.385803831903877"
"798","../alignments/dep09673.fasta.best.fas","294","0","0",NA
"799","../alignments/dep09691.fasta.best.fas","150","0","0",NA
"800","../alignments/dep09705.fasta.best.fas","192","0.016668210133796","0.0160140573920111","1.04084865726229"
"801","../alignments/dep09706.fasta.best.fas","330","0","0",NA
"802","../alignments/dep09733.fasta.best.fas","402","0.00297079957610888","0.0136097748044633","0.218284256631095"
"803","../alignments/dep09748.fasta.best.fas","231","0","0",NA
"804","../alignments/dep09796.fasta.best.fas","243","0","0",NA
"805","../alignments/dep09800.fasta.best.fas","111","0.0136062817624424","0","Inf"
"806","../alignments/dep09832.fasta.best.fas","117","0.0133341237188901","0.0271046725941007","0.491949263456231"
"807","../alignments/dep09848.fasta.best.fas","174","0","0.0169112441015084","0"
"808","../alignments/dep09858.fasta.best.fas","171","0","0",NA
"809","../alignments/dep09861.fasta.best.fas","249","0","0.0114316827679897","0"
"810","../alignments/dep09862.fasta.best.fas","324","0.00490200004831042","0.0219331425685404","0.223497386796799"
"811","../alignments/dep09863.fasta.best.fas","570","0","0.00522501087555892","0"
"812","../alignments/dep09868.fasta.best.fas","714","0","0.0248359922743667","0"
"813","../alignments/dep09880.fasta.best.fas","264","0","0",NA
"814","../alignments/dep09892.fasta.best.fas","318","0.0038668027929581","0.0193774311502443","0.199551878831439"
"815","../alignments/dep09906.fasta.best.fas","339","0.00346899283213941","0.00861151760747512","0.40283176441841"
"816","../alignments/dep09913.fasta.best.fas","399","0","0.00723251956656712","0"
"817","../alignments/dep09914.fasta.best.fas","435","0.00283979512348586","0.0201875089262276","0.140670903669368"
"818","../alignments/dep09925.fasta.best.fas","429","0","0",NA
"819","../alignments/dep09930.fasta.best.fas","189","0","0.015283627660731","0"
"820","../alignments/dep09949.fasta.best.fas","588","0.00622580879220468","0.0196871187524495","0.316237681627743"
"821","../alignments/dep09953.fasta.best.fas","327","0","0",NA
"822","../alignments/dep09954.fasta.best.fas","495","0.00975640711179086","0","Inf"
"823","../alignments/dep09959.fasta.best.fas","411","0.00389107022102747","0","Inf"
"824","../alignments/dep09964.fasta.best.fas","1398","0.00111544943083376","0.00609569758666357","0.182989627516003"
"825","../alignments/dep09975.fasta.best.fas","660","0","0",NA
"826","../alignments/dep09986.fasta.best.fas","255","0","0.0120115419036932","0"
"827","../alignments/dep09994.fasta.best.fas","723","0.00226500953587506","0.00406713244126607","0.556905772945515"
"828","../alignments/dep09997.fasta.best.fas","528","0.00221677889438637","0.0052261434011327","0.424171080706646"
"829","../alignments/dep10000.fasta.best.fas","591","0","0.0103571504805016","0"
"830","../alignments/dep10005.fasta.best.fas","270","0","0",NA
"831","../alignments/dep10010.fasta.best.fas","669","0","0.0133859003785779","0"
"832","../alignments/dep10012.fasta.best.fas","195","0.00625615823033615","-1.97381048725166e-05","-316.958404605867"
"833","../alignments/dep10015.fasta.best.fas","204","0","0",NA
"834","../alignments/dep10026.fasta.best.fas","147","0","0",NA
"835","../alignments/dep10031.fasta.best.fas","537","0","0",NA
"836","../alignments/dep10077.fasta.best.fas","438","0.00695663395849254","0.0069870894468887","0.995641176683416"
"837","../alignments/dep10079.fasta.best.fas","294","0","0",NA
"838","../alignments/dep10114.fasta.best.fas","681","0","0.0128537223045269","0"
"839","../alignments/dep10117.fasta.best.fas","441","0","0.00654696154591692","0"
"840","../alignments/dep10121.fasta.best.fas","207","0","0",NA
"841","../alignments/dep10136.fasta.best.fas","129","0.0129877432016304","0","Inf"
"842","../alignments/dep10154.fasta.best.fas","303","0","0.00977015131191438","0"
"843","../alignments/dep10167.fasta.best.fas","564","0","0.0171814012770502","0"
"844","../alignments/dep10180.fasta.best.fas","291","0.00781230611859562","-9.54171091030795e-06","-818.753176661007"
"845","../alignments/dep10201.fasta.best.fas","645","0","0.00877672994050282","0"
"846","../alignments/dep10243.fasta.best.fas","102","0.0123267398330656","0","Inf"
"847","../alignments/dep10265.fasta.best.fas","288","0","0.0202559186036922","0"
"848","../alignments/dep10280.fasta.best.fas","156","0","0",NA
"849","../alignments/dep10286.fasta.best.fas","420","0.00377360281769145","0","Inf"
"850","../alignments/dep10298.fasta.best.fas","420","0.00965688738094113","0.00623153962124315","1.54967920736973"
"851","../alignments/dep10360.fasta.best.fas","300","0","0.0100517743375596","0"
"852","../alignments/dep10389.fasta.best.fas","846","0","0.00713671202001475","0"
"853","../alignments/dep10412.fasta.best.fas","78","0","0",NA
"854","../alignments/dep10413.fasta.best.fas","615","0","0.0150457656012027","0"
"855","../alignments/dep10454.fasta.best.fas","102","0","0",NA
"856","../alignments/dep10484.fasta.best.fas","108","0","0.0292279188643293","0"
"857","../alignments/dep10491.fasta.best.fas","237","0","0",NA
"858","../alignments/dep10529.fasta.best.fas","465","0","0",NA
"859","../alignments/dep10538.fasta.best.fas","513","0","0",NA
"860","../alignments/dep10541.fasta.best.fas","759","0","0",NA
"861","../alignments/dep10543.fasta.best.fas","357","0","0",NA
"862","../alignments/dep10546.fasta.best.fas","378","0.00735750914456345","-2.61044843331153e-05","-281.848476709037"
"863","../alignments/dep10548.fasta.best.fas","225","0","0",NA
"864","../alignments/dep10565.fasta.best.fas","1062","0","0.00598399757207688","0"
"865","../alignments/dep10566.fasta.best.fas","966","0.0016077184269872","0.0154817561477402","0.103845998583427"
"866","../alignments/dep10592.fasta.best.fas","297","0","0.00961657020694904","0"
"867","../alignments/dep10593.fasta.best.fas","210","0","0",NA
"868","../alignments/dep10597.fasta.best.fas","171","0","0.0178114629635308","0"
"869","../alignments/dep10616.fasta.best.fas","399","0.00374533586457883","0.00793425979155349","0.472046033653444"
"870","../alignments/dep10645.fasta.best.fas","819","0","0.0158400126366783","0"
"871","../alignments/dep10680.fasta.best.fas","291","0","0.0105481255584635","0"
"872","../alignments/dep10684.fasta.best.fas","924","0","0.0247332750424301","0"
"873","../alignments/dep10687.fasta.best.fas","876","0","0.0143073338640122","0"
"874","../alignments/dep10743.fasta.best.fas","504","0.00237740393655826","0.0058430646971994","0.406876195928099"
"875","../alignments/dep10754.fasta.best.fas","222","0","0",NA
"876","../alignments/dep10762.fasta.best.fas","339","0","0",NA
"877","../alignments/dep10780.fasta.best.fas","399","0","0",NA
"878","../alignments/dep10799.fasta.best.fas","1269","0.00121432968006335","0.0193839699329087","0.0626460773652846"
"879","../alignments/dep10800.fasta.best.fas","129","0","0",NA
"880","../alignments/dep10802.fasta.best.fas","117","0.0105165434050147","0.0481027950225538","0.218626451957393"
"881","../alignments/dep10832.fasta.best.fas","165","0.0094789568723071","0","Inf"
"882","../alignments/dep10854.fasta.best.fas","444","0.00585100573948841","0.0424086794741401","0.137967175871539"
"883","../alignments/dep10875.fasta.best.fas","144","0","0",NA
"884","../alignments/dep10885.fasta.best.fas","858","0","0",NA
"885","../alignments/dep10910.fasta.best.fas","342","0","0",NA
"886","../alignments/dep10912.fasta.best.fas","159","0","0",NA
"887","../alignments/dep10916.fasta.best.fas","198","0","0",NA
"888","../alignments/dep10920.fasta.best.fas","306","0","0.0237588585913213","0"
"889","../alignments/dep10936.fasta.best.fas","900","0.00434356300372822","0.0256568911249367","0.169294205700027"
"890","../alignments/dep10954.fasta.best.fas","822","0","0.00356372241662163","0"
"891","../alignments/dep10972.fasta.best.fas","249","0","0.0127236860602394","0"
"892","../alignments/dep10984.fasta.best.fas","354","0.00434785348377696","0.0171092133827622","0.254123517341685"
"893","../alignments/dep10997.fasta.best.fas","315","0","0.0327623514012054","0"
"894","../alignments/dep11008.fasta.best.fas","636","0","0.0106271873610193","0"
"895","../alignments/dep11012.fasta.best.fas","120","0","0",NA
"896","../alignments/dep11021.fasta.best.fas","525","0.00527115467813558","0.0105891395712407","0.497788762030454"
"897","../alignments/dep11029.fasta.best.fas","261","0","0.0323031784622062","0"
"898","../alignments/dep11032.fasta.best.fas","774","0.00650214943708151","0.0291900513987323","0.222752243504576"
"899","../alignments/dep11039.fasta.best.fas","735","0","0.00397651050664097","0"
"900","../alignments/dep11065.fasta.best.fas","93","0","0",NA
"901","../alignments/dep11067.fasta.best.fas","369","0","0.0155955138487745","0"
"902","../alignments/dep11071.fasta.best.fas","618","0","0",NA
"903","../alignments/dep11084.fasta.best.fas","477","0.00252449097778096","0.00594652575642865","0.424532084982864"
"904","../alignments/dep11086.fasta.best.fas","378","0","0",NA
"905","../alignments/dep11136.fasta.best.fas","576","0","0",NA
"906","../alignments/dep11190.fasta.best.fas","354","0.0042826814294615","0.00848336439297264","0.504832897783943"
"907","../alignments/dep11197.fasta.best.fas","270","0.0119053243468593","0.0382245094894215","0.311457871033089"
"908","../alignments/dep11203.fasta.best.fas","558","0","0",NA
"909","../alignments/dep11231.fasta.best.fas","159","0","0",NA
"910","../alignments/dep11246.fasta.best.fas","351","0","0",NA
"911","../alignments/dep11251.fasta.best.fas","192","0","0",NA
"912","../alignments/dep11254.fasta.best.fas","804","0","0.00746283751875626","0"
"913","../alignments/dep11299.fasta.best.fas","102","0","0",NA
"914","../alignments/dep11312.fasta.best.fas","807","0.00348041105156104","0.0145274793610223","0.239574324290495"
"915","../alignments/dep11342.fasta.best.fas","201","0","0",NA
"916","../alignments/dep11356.fasta.best.fas","234","0.00509894742696603","0.0256626138751071","0.198691662968597"
"917","../alignments/dep11366.fasta.best.fas","537","0","0",NA
"918","../alignments/dep11372.fasta.best.fas","264","0.0058140189975595","0","Inf"
"919","../alignments/dep11384.fasta.best.fas","303","0.016668210133796","0","Inf"
"920","../alignments/dep11386.fasta.best.fas","624","0.00220295229029895","0.0291680478987724","0.0755262161507788"
"921","../alignments/dep11395.fasta.best.fas","333","0","0",NA
"922","../alignments/dep11423.fasta.best.fas","543","0.00520274027737974","0","Inf"
"923","../alignments/dep11424.fasta.best.fas","423","0","0",NA
"924","../alignments/dep11426.fasta.best.fas","147","0.00811510685731805","-0.000153115919512097","-52.9997591574853"
"925","../alignments/dep11442.fasta.best.fas","210","0.00527456364292786","0.0138637939528825","0.380456003663498"
"926","../alignments/dep11448.fasta.best.fas","1044","0","0.00282372131252911","0"
"927","../alignments/dep11458.fasta.best.fas","537","0.00288185235837507","0","Inf"
"928","../alignments/dep11461.fasta.best.fas","579","0","0",NA
"929","../alignments/dep11464.fasta.best.fas","222","0","0",NA
"930","../alignments/dep11481.fasta.best.fas","273","0","0",NA
"931","../alignments/dep11494.fasta.best.fas","981","0.00319745294292385","0.0117243410829482","0.272719201898195"
"932","../alignments/dep11501.fasta.best.fas","663","0.00419098667346679","0.0126941468247363","0.330151110691431"
"933","../alignments/dep11508.fasta.best.fas","408","0","0.00698451056154325","0"
"934","../alignments/dep11521.fasta.best.fas","636","0.00433510119604649","0.0139431455999297","0.310912710835377"
"935","../alignments/dep11525.fasta.best.fas","225","0","0.0255299119150464","0"
"936","../alignments/dep11537.fasta.best.fas","552","0.00490503233912334","0.0176268948596747","0.278269790463472"
"937","../alignments/dep11539.fasta.best.fas","552","0","0.0054607521391608","0"
"938","../alignments/dep11541.fasta.best.fas","570","0.007617825210785","0.00495524196275337","1.53732658627878"
"939","../alignments/dep11556.fasta.best.fas","1074","0.0036021433560758","0.0129652080766386","0.277831511440709"
"940","../alignments/dep11560.fasta.best.fas","468","0","0.00600568680416884","0"
"941","../alignments/dep11573.fasta.best.fas","399","0.00454548585062594","0.0226854197022195","0.200370366089423"
"942","../alignments/dep11574.fasta.best.fas","96","0","0",NA
"943","../alignments/dep11579.fasta.best.fas","300","0","0.0322064283452002","0"
"944","../alignments/dep11600.fasta.best.fas","969","0","0.0108887029289122","0"
"945","../alignments/dep11602.fasta.best.fas","981","0","0.00292860436901982","0"
"946","../alignments/dep11609.fasta.best.fas","588","0.00263852855042191","0.0212611072978606","0.124101182194185"
"947","../alignments/dep11613.fasta.best.fas","510","0","0.0114338874125151","0"
"948","../alignments/dep11619.fasta.best.fas","357","0.00327210209105145","0.0254338225308889","0.128651605045901"
"949","../alignments/dep11625.fasta.best.fas","450","0.00260336546554171","0.00664368959158636","0.391855373381477"
"950","../alignments/dep11629.fasta.best.fas","888","0.00135992236664583","-5.23791050792645e-06","-259.630699033113"
"951","../alignments/dep11650.fasta.best.fas","321","0.00492614822150582","0","Inf"
"952","../alignments/dep11657.fasta.best.fas","411","0","0",NA
"953","../alignments/dep11664.fasta.best.fas","444","0","0",NA
"954","../alignments/dep11679.fasta.best.fas","795","0","0",NA
"955","../alignments/dep11685.fasta.best.fas","510","0","0.00586100630004776","0"
"956","../alignments/dep11687.fasta.best.fas","288","0.00938149845858233","-1.25446146977803e-05","-747.850666170111"
"957","../alignments/dep11716.fasta.best.fas","324","0","0",NA
"958","../alignments/dep11730.fasta.best.fas","801","0","0.0300456437407131","0"
"959","../alignments/dep11743.fasta.best.fas","507","0","0.0111471259736933","0"
"960","../alignments/dep11748.fasta.best.fas","651","0","0.0171401743080819","0"
"961","../alignments/dep11753.fasta.best.fas","408","0.00663037006216913","0.0367931201929095","0.180206789405344"
"962","../alignments/dep11760.fasta.best.fas","219","0","0",NA
"963","../alignments/dep11771.fasta.best.fas","780","0","0.014797594744205","0"
"964","../alignments/dep11789.fasta.best.fas","585","0","0.0153142806718908","0"
"965","../alignments/dep11817.fasta.best.fas","333","0","0",NA
"966","../alignments/dep11820.fasta.best.fas","1083","0.00142450238803744","0","Inf"
"967","../alignments/dep11841.fasta.best.fas","618","0","0.00471650205529729","0"
"968","../alignments/dep11843.fasta.best.fas","507","0.00788120029420058","0.0173101756827728","0.455292912020761"
"969","../alignments/dep11847.fasta.best.fas","228","0","0.02501153247672","0"
"970","../alignments/dep11848.fasta.best.fas","246","0","0.0125189366215333","0"
"971","../alignments/dep11851.fasta.best.fas","549","0.00280112777433499","0.0312285044435389","0.0896977881025146"
"972","../alignments/dep11855.fasta.best.fas","450","0","0.00674019806042439","0"
"973","../alignments/dep11856.fasta.best.fas","540","0.00203615120396142","0.036394744340137","0.0559462977657437"
"974","../alignments/dep11866.fasta.best.fas","354","0","0",NA
"975","../alignments/dep11868.fasta.best.fas","273","0","0.0228740234590403","0"
"976","../alignments/dep11869.fasta.best.fas","276","0","0",NA
"977","../alignments/dep11872.fasta.best.fas","441","0","0.0129695373108617","0"
"978","../alignments/dep11873.fasta.best.fas","498","0.00792039322455955","-4.33869877476005e-06","-1825.52272829717"
"979","../alignments/dep11885.fasta.best.fas","444","0","0",NA
"980","../alignments/dep11893.fasta.best.fas","990","0","0.0177496561532365","0"
"981","../alignments/dep11907.fasta.best.fas","216","0","0",NA
"982","../alignments/dep11922.fasta.best.fas","372","0.0042017053981898","0.0217654081613445","0.193045100144368"
"983","../alignments/dep11929.fasta.best.fas","441","0.0086501696323374","0.0249155577417461","0.347179449964469"
"984","../alignments/dep11936.fasta.best.fas","627","0","0.00935155046124746","0"
"985","../alignments/dep11948.fasta.best.fas","489","0.022177622870092","0.0229893925506699","0.964689381035677"
"986","../alignments/dep11953.fasta.best.fas","591","0","0.00491103642789137","0"
